buyer_id,name,buyer_type,lat,lon,price_per_tonne,min_quantity_tonnes,transport_terms,phone,source,is_synthetic
BYR_001,Verbio India Bio-CBG Plant,CBG_PLANT,29.9320,75.8280,2350.0,50.0,EX_FARM,+911676292000,SATAT_BIO_CBG,False
BYR_002,Aquagreen Energies Pvt Ltd,CBG_PLANT,30.8410,76.1950,2250.0,30.0,NEGOTIABLE,+919212516856,KPO_AQUAGREEN,False
BYR_003,Shyaamg Renewable Energy,CBG_PLANT,29.2190,76.1480,2450.0,40.0,DELIVERED,+919212516856,KPO_RENEWABLE,False
BYR_004,Aagmik Green Energy,CBG_PLANT,29.6100,78.3400,2150.0,25.0,DELIVERED,+919212516856,BIO_CBG_PLANT,False
BYR_005,Kali Bio Energy LLP,CBG_PLANT,28.3120,78.9350,2250.0,30.0,EX_FARM,+919212516856,SATAT_BIO_CBG,False
BYR_006,RC Biotech Pvt Ltd,CBG_PLANT,28.0670,80.1000,2350.0,50.0,DELIVERED,+919212516856,BIO_CBG_FACILITY,False
BYR_007,Shri Ji Traders (Biomass Aggregator),OTHER,28.9840,77.7060,2000.0,20.0,EX_FARM,+919999969904,BIOMASS_AGGREGATOR,False
BYR_008,Sukhbir Agro Energy Ltd,BIOMASS_POWER,30.9230,74.6110,2400.0,100.0,DELIVERED,+911632245100,BIOMASS_POWER_PLANT,False
BYR_009,KRN Paper Mill / Agro Paper Unit,CARDBOARD_MILL,29.4720,77.7080,2150.0,15.0,DELIVERED,+911312601200,PAPER_MANUFACTURING,False
BYR_010,PelletRates / Agro Bio-Pellet Unit,PELLET_PLANT,30.7040,76.7170,2550.0,25.0,DELIVERED,+919217644651,BIO_PELLET_PRODUCER,False
